action_id,session_id,sim_time_s,action_type,target_code,classification,expected_step_code,is_correct,is_incorrect,is_dangerous,is_repeated,is_cancelled,is_sequence_violation,is_result_check,is_observation
EAVT-L1-EXPERT-001-A001,EAVT-L1-EXPERT-001,3260,declare_deviation,feed_system,correct,declare_deviation,1,0,0,0,0,0,0,0
EAVT-L1-EXPERT-001-A002,EAVT-L1-EXPERT-001,3265,ack_alarm,primary_flow_alarm,correct,none,1,0,0,0,0,0,0,0
EAVT-L1-EXPERT-001-A003,EAVT-L1-EXPERT-001,3265,compare_flows,FRC-404/405/406,correct,compare_flows,1,0,0,0,0,0,0,1
EAVT-L1-EXPERT-001-A004,EAVT-L1-EXPERT-001,3270,check_pressure,feed_branches,correct,check_pressure,1,0,0,0,0,0,0,1
EAVT-L1-EXPERT-001-A005,EAVT-L1-EXPERT-001,3275,check_pump,N-1_group,correct,check_pump,1,0,0,0,0,0,0,1
EAVT-L1-EXPERT-001-A006,EAVT-L1-EXPERT-001,3280,check_valve,target_branch_FRC,correct,check_valve,1,0,0,0,0,0,0,1
EAVT-L1-EXPERT-001-A007,EAVT-L1-EXPERT-001,3285,submit_diagnosis:valve_stiction,feed_branch,correct,submit_diagnosis,1,0,0,0,0,0,0,0
EAVT-L1-EXPERT-001-A008,EAVT-L1-EXPERT-001,3295,restore_flow_control,feed_branch,correct,corrective_action,1,0,0,0,0,0,0,0
EAVT-L1-EXPERT-001-A009,EAVT-L1-EXPERT-001,3355,verify_flow,feed_branch,correct,verify_flow,1,0,0,0,0,0,1,1
EAVT-L1-EXPERT-001-A010,EAVT-L1-EXPERT-001,3365,verify_t11,T-1...T-11,correct,verify_downstream,1,0,0,0,0,0,1,1
EAVT-L1-EXPERT-001-A011,EAVT-L1-EXPERT-001,3375,verify_elou,ELOU,correct,verify_downstream,1,0,0,0,0,0,1,1
EAVT-L1-EXPERT-001-A012,EAVT-L1-EXPERT-001,3385,verify_e15,E-15,correct,verify_downstream,1,0,0,0,0,0,1,1
EAVT-L1-EXPERT-001-A013,EAVT-L1-EXPERT-001,3395,verify_k1,K-1,correct,verify_downstream,1,0,0,0,0,0,1,1
EAVT-L1-EXPERT-001-A014,EAVT-L1-EXPERT-001,3405,verify_furnaces,P-1/P-2/P-3,correct,verify_downstream,1,0,0,0,0,0,1,1
EAVT-L1-EXPERT-001-A015,EAVT-L1-EXPERT-001,3415,verify_k2,K-2,correct,verify_downstream,1,0,0,0,0,0,1,1
EAVT-L1-EXPERT-001-A016,EAVT-L1-EXPERT-001,3425,verify_products,product_lines,correct,verify_downstream,1,0,0,0,0,0,1,1
EAVT-L1-EXPERT-002-A001,EAVT-L1-EXPERT-002,3315,declare_deviation,feed_system,correct,declare_deviation,1,0,0,0,0,0,0,0
EAVT-L1-EXPERT-002-A002,EAVT-L1-EXPERT-002,3320,ack_alarm,primary_flow_alarm,correct,none,1,0,0,0,0,0,0,0
EAVT-L1-EXPERT-002-A003,EAVT-L1-EXPERT-002,3320,compare_flows,FRC-404/405/406,correct,compare_flows,1,0,0,0,0,0,0,1
EAVT-L1-EXPERT-002-A004,EAVT-L1-EXPERT-002,3325,check_pressure,feed_branches,correct,check_pressure,1,0,0,0,0,0,0,1
EAVT-L1-EXPERT-002-A005,EAVT-L1-EXPERT-002,3330,check_pump,N-1_group,correct,check_pump,1,0,0,0,0,0,0,1
EAVT-L1-EXPERT-002-A006,EAVT-L1-EXPERT-002,3335,check_valve,target_branch_FRC,correct,check_valve,1,0,0,0,0,0,0,1
EAVT-L1-EXPERT-002-A007,EAVT-L1-EXPERT-002,3340,submit_diagnosis:unknown,feed_branch,incorrect,submit_diagnosis,0,1,0,0,0,0,0,0
EAVT-L1-EXPERT-002-A008,EAVT-L1-EXPERT-002,3375,increase_furnace_heat,furnaces,dangerous,none,0,0,1,0,0,0,0,0
EAVT-L1-SLOW-003-A001,EAVT-L1-SLOW-003,3240,declare_deviation,feed_system,correct,declare_deviation,1,0,0,0,0,0,0,0
EAVT-L1-SLOW-003-A002,EAVT-L1-SLOW-003,3245,ack_alarm,primary_flow_alarm,correct,none,1,0,0,0,0,0,0,0
EAVT-L1-SLOW-003-A003,EAVT-L1-SLOW-003,3250,compare_flows,FRC-404/405/406,correct,compare_flows,1,0,0,0,0,0,0,1
EAVT-L1-SLOW-003-A004,EAVT-L1-SLOW-003,3260,check_pressure,feed_branches,correct,check_pressure,1,0,0,0,0,0,0,1
EAVT-L1-SLOW-003-A005,EAVT-L1-SLOW-003,3270,check_pump,N-1_group,correct,check_pump,1,0,0,0,0,0,0,1
EAVT-L1-SLOW-003-A006,EAVT-L1-SLOW-003,3280,check_valve,target_branch_FRC,correct,check_valve,1,0,0,0,0,0,0,1
EAVT-L1-SLOW-003-A007,EAVT-L1-SLOW-003,3290,submit_diagnosis:valve_stiction,feed_branch,correct,submit_diagnosis,1,0,0,0,0,0,0,0
EAVT-L1-SLOW-003-A008,EAVT-L1-SLOW-003,3305,restore_flow_control,feed_branch,correct,corrective_action,1,0,0,0,0,0,0,0
EAVT-L1-SLOW-003-A009,EAVT-L1-SLOW-003,3325,increase_furnace_heat,furnaces,dangerous,none,0,0,1,0,0,0,0,0
EAVT-L1-SLOW-003-A010,EAVT-L1-SLOW-003,3365,verify_flow,feed_branch,correct,verify_flow,1,0,0,0,0,0,1,1
EAVT-L1-SLOW-003-A011,EAVT-L1-SLOW-003,3375,verify_t11,T-1...T-11,correct,verify_downstream,1,0,0,0,0,0,1,1
EAVT-L1-SLOW-003-A012,EAVT-L1-SLOW-003,3385,verify_elou,ELOU,correct,verify_downstream,1,0,0,0,0,0,1,1
EAVT-L1-SLOW-003-A013,EAVT-L1-SLOW-003,3395,verify_e15,E-15,correct,verify_downstream,1,0,0,0,0,0,1,1
EAVT-L1-SLOW-003-A014,EAVT-L1-SLOW-003,3405,verify_k1,K-1,correct,verify_downstream,1,0,0,0,0,0,1,1
EAVT-L1-SLOW-003-A015,EAVT-L1-SLOW-003,3415,verify_furnaces,P-1/P-2/P-3,correct,verify_downstream,1,0,0,0,0,0,1,1
EAVT-L1-SLOW-003-A016,EAVT-L1-SLOW-003,3425,verify_k2,K-2,correct,verify_downstream,1,0,0,0,0,0,1,1
EAVT-L1-SLOW-003-A017,EAVT-L1-SLOW-003,3435,verify_products,product_lines,correct,verify_downstream,1,0,0,0,0,0,1,1
EAVT-L1-SLOW-004-A001,EAVT-L1-SLOW-004,3375,declare_deviation,feed_system,correct,declare_deviation,1,0,0,0,0,0,0,0
EAVT-L1-SLOW-004-A002,EAVT-L1-SLOW-004,3380,ack_alarm,primary_flow_alarm,correct,none,1,0,0,0,0,0,0,0
EAVT-L1-SLOW-004-A003,EAVT-L1-SLOW-004,3385,compare_flows,FRC-404/405/406,correct,compare_flows,1,0,0,0,0,0,0,1
EAVT-L1-SLOW-004-A004,EAVT-L1-SLOW-004,3395,check_pressure,feed_branches,correct,check_pressure,1,0,0,0,0,0,0,1
EAVT-L1-SLOW-004-A005,EAVT-L1-SLOW-004,3405,check_pump,N-1_group,correct,check_pump,1,0,0,0,0,0,0,1
EAVT-L1-SLOW-004-A006,EAVT-L1-SLOW-004,3415,check_valve,target_branch_FRC,correct,check_valve,1,0,0,0,0,0,0,1
EAVT-L1-SLOW-004-A007,EAVT-L1-SLOW-004,3425,submit_diagnosis:pump_capacity_loss,feed_branch,correct,submit_diagnosis,1,0,0,0,0,0,0,0
EAVT-L1-SLOW-004-A008,EAVT-L1-SLOW-004,3440,switch_to_standby_pump,feed_branch,correct,corrective_action,1,0,0,0,0,0,0,0
EAVT-L1-ALARM-OVERLOAD-005-A001,EAVT-L1-ALARM-OVERLOAD-005,3375,declare_deviation,feed_system,correct,declare_deviation,1,0,0,0,0,0,0,0
EAVT-L1-ALARM-OVERLOAD-005-A002,EAVT-L1-ALARM-OVERLOAD-005,3380,ack_alarm,primary_flow_alarm,correct,none,1,0,0,0,0,0,0,0
EAVT-L1-ALARM-OVERLOAD-005-A003,EAVT-L1-ALARM-OVERLOAD-005,3385,check_pump,N-1_group,correct,check_pump,1,0,0,0,0,0,0,1
EAVT-L1-ALARM-OVERLOAD-005-A004,EAVT-L1-ALARM-OVERLOAD-005,3395,compare_flows,FRC-404/405/406,out_of_sequence,compare_flows,0,1,0,0,0,1,0,1
EAVT-L1-ALARM-OVERLOAD-005-A005,EAVT-L1-ALARM-OVERLOAD-005,3405,check_valve,target_branch_FRC,correct,check_valve,1,0,0,0,0,0,0,1
EAVT-L1-ALARM-OVERLOAD-005-A006,EAVT-L1-ALARM-OVERLOAD-005,3415,check_pressure,feed_branches,out_of_sequence,check_pressure,0,1,0,0,0,1,0,1
EAVT-L1-ALARM-OVERLOAD-005-A007,EAVT-L1-ALARM-OVERLOAD-005,3425,submit_diagnosis:valve_stiction,feed_branch,correct,submit_diagnosis,1,0,0,0,0,0,0,0
EAVT-L1-ALARM-OVERLOAD-005-A008,EAVT-L1-ALARM-OVERLOAD-005,3440,restore_flow_control,feed_branch,correct,corrective_action,1,0,0,0,0,0,0,0
EAVT-L1-ALARM-OVERLOAD-005-A009,EAVT-L1-ALARM-OVERLOAD-005,3445,repeat_previous_command,feed_branch,repeated,none,0,0,0,1,0,0,0,0
EAVT-L1-ALARM-OVERLOAD-005-A010,EAVT-L1-ALARM-OVERLOAD-005,3500,verify_flow,feed_branch,correct,verify_flow,1,0,0,0,0,0,1,1
EAVT-L1-ALARM-OVERLOAD-005-A011,EAVT-L1-ALARM-OVERLOAD-005,3510,verify_t11,T-1...T-11,correct,verify_downstream,1,0,0,0,0,0,1,1
EAVT-L1-ALARM-OVERLOAD-005-A012,EAVT-L1-ALARM-OVERLOAD-005,3520,verify_elou,ELOU,correct,verify_downstream,1,0,0,0,0,0,1,1
EAVT-L1-ALARM-OVERLOAD-005-A013,EAVT-L1-ALARM-OVERLOAD-005,3530,verify_e15,E-15,correct,verify_downstream,1,0,0,0,0,0,1,1
EAVT-L1-ALARM-OVERLOAD-005-A014,EAVT-L1-ALARM-OVERLOAD-005,3540,verify_k1,K-1,correct,verify_downstream,1,0,0,0,0,0,1,1
EAVT-L1-ALARM-OVERLOAD-005-A015,EAVT-L1-ALARM-OVERLOAD-005,3550,verify_furnaces,P-1/P-2/P-3,correct,verify_downstream,1,0,0,0,0,0,1,1
EAVT-L1-ALARM-OVERLOAD-005-A016,EAVT-L1-ALARM-OVERLOAD-005,3560,verify_k2,K-2,correct,verify_downstream,1,0,0,0,0,0,1,1
EAVT-L1-ALARM-OVERLOAD-005-A017,EAVT-L1-ALARM-OVERLOAD-005,3570,verify_products,product_lines,correct,verify_downstream,1,0,0,0,0,0,1,1
EAVT-L1-ALARM-OVERLOAD-006-A001,EAVT-L1-ALARM-OVERLOAD-006,3275,declare_deviation,feed_system,correct,declare_deviation,1,0,0,0,0,0,0,0
EAVT-L1-ALARM-OVERLOAD-006-A002,EAVT-L1-ALARM-OVERLOAD-006,3280,ack_alarm,primary_flow_alarm,correct,none,1,0,0,0,0,0,0,0
EAVT-L1-ALARM-OVERLOAD-006-A003,EAVT-L1-ALARM-OVERLOAD-006,3285,check_pump,N-1_group,correct,check_pump,1,0,0,0,0,0,0,1
EAVT-L1-ALARM-OVERLOAD-006-A004,EAVT-L1-ALARM-OVERLOAD-006,3295,compare_flows,FRC-404/405/406,out_of_sequence,compare_flows,0,1,0,0,0,1,0,1
EAVT-L1-ALARM-OVERLOAD-006-A005,EAVT-L1-ALARM-OVERLOAD-006,3305,check_valve,target_branch_FRC,correct,check_valve,1,0,0,0,0,0,0,1
EAVT-L1-ALARM-OVERLOAD-006-A006,EAVT-L1-ALARM-OVERLOAD-006,3315,check_pressure,feed_branches,out_of_sequence,check_pressure,0,1,0,0,0,1,0,1
EAVT-L1-ALARM-OVERLOAD-006-A007,EAVT-L1-ALARM-OVERLOAD-006,3325,submit_diagnosis:pump_capacity_loss,feed_branch,correct,submit_diagnosis,1,0,0,0,0,0,0,0
EAVT-L1-ALARM-OVERLOAD-006-A008,EAVT-L1-ALARM-OVERLOAD-006,3340,switch_to_standby_pump,feed_branch,correct,corrective_action,1,0,0,0,0,0,0,0
EAVT-L1-ALARM-OVERLOAD-006-A009,EAVT-L1-ALARM-OVERLOAD-006,3345,repeat_previous_command,feed_branch,repeated,none,0,0,0,1,0,0,0,0
EAVT-L1-ALARM-OVERLOAD-006-A010,EAVT-L1-ALARM-OVERLOAD-006,3400,verify_flow,feed_branch,correct,verify_flow,1,0,0,0,0,0,1,1
EAVT-L1-ALARM-OVERLOAD-006-A011,EAVT-L1-ALARM-OVERLOAD-006,3410,verify_t11,T-1...T-11,correct,verify_downstream,1,0,0,0,0,0,1,1
EAVT-L1-ALARM-OVERLOAD-006-A012,EAVT-L1-ALARM-OVERLOAD-006,3420,verify_elou,ELOU,correct,verify_downstream,1,0,0,0,0,0,1,1
EAVT-L1-ALARM-OVERLOAD-006-A013,EAVT-L1-ALARM-OVERLOAD-006,3430,verify_e15,E-15,correct,verify_downstream,1,0,0,0,0,0,1,1
EAVT-L1-ALARM-OVERLOAD-006-A014,EAVT-L1-ALARM-OVERLOAD-006,3440,verify_k1,K-1,correct,verify_downstream,1,0,0,0,0,0,1,1
EAVT-L1-ALARM-OVERLOAD-006-A015,EAVT-L1-ALARM-OVERLOAD-006,3450,verify_furnaces,P-1/P-2/P-3,correct,verify_downstream,1,0,0,0,0,0,1,1
EAVT-L1-ALARM-OVERLOAD-006-A016,EAVT-L1-ALARM-OVERLOAD-006,3460,verify_k2,K-2,correct,verify_downstream,1,0,0,0,0,0,1,1
EAVT-L1-ALARM-OVERLOAD-006-A017,EAVT-L1-ALARM-OVERLOAD-006,3470,verify_products,product_lines,correct,verify_downstream,1,0,0,0,0,0,1,1
EAVT-L1-WRONG-DIAGNOSIS-007-A001,EAVT-L1-WRONG-DIAGNOSIS-007,3240,declare_deviation,feed_system,correct,declare_deviation,1,0,0,0,0,0,0,0
EAVT-L1-WRONG-DIAGNOSIS-007-A002,EAVT-L1-WRONG-DIAGNOSIS-007,3245,ack_alarm,primary_flow_alarm,correct,none,1,0,0,0,0,0,0,0
EAVT-L1-WRONG-DIAGNOSIS-007-A003,EAVT-L1-WRONG-DIAGNOSIS-007,3248,compare_flows,FRC-404/405/406,correct,compare_flows,1,0,0,0,0,0,0,1
EAVT-L1-WRONG-DIAGNOSIS-007-A004,EAVT-L1-WRONG-DIAGNOSIS-007,3256,check_pressure,feed_branches,correct,check_pressure,1,0,0,0,0,0,0,1
EAVT-L1-WRONG-DIAGNOSIS-007-A005,EAVT-L1-WRONG-DIAGNOSIS-007,3264,check_pump,N-1_group,correct,check_pump,1,0,0,0,0,0,0,1
EAVT-L1-WRONG-DIAGNOSIS-007-A006,EAVT-L1-WRONG-DIAGNOSIS-007,3272,check_valve,target_branch_FRC,correct,check_valve,1,0,0,0,0,0,0,1
EAVT-L1-WRONG-DIAGNOSIS-007-A007,EAVT-L1-WRONG-DIAGNOSIS-007,3280,submit_diagnosis:sensor_fault,feed_branch,incorrect,submit_diagnosis,0,1,0,0,0,0,0,0
EAVT-L1-WRONG-DIAGNOSIS-007-A009,EAVT-L1-WRONG-DIAGNOSIS-007,3305,switch_pump_request,N-1_group,cancelled,none,0,0,0,0,1,0,0,0
EAVT-L1-WRONG-DIAGNOSIS-007-A008,EAVT-L1-WRONG-DIAGNOSIS-007,3315,increase_furnace_heat,furnaces,dangerous,none,0,0,1,0,0,0,0,0
EAVT-L1-WRONG-DIAGNOSIS-008-A001,EAVT-L1-WRONG-DIAGNOSIS-008,3220,declare_deviation,feed_system,correct,declare_deviation,1,0,0,0,0,0,0,0
EAVT-L1-WRONG-DIAGNOSIS-008-A002,EAVT-L1-WRONG-DIAGNOSIS-008,3225,ack_alarm,primary_flow_alarm,correct,none,1,0,0,0,0,0,0,0
EAVT-L1-WRONG-DIAGNOSIS-008-A003,EAVT-L1-WRONG-DIAGNOSIS-008,3228,compare_flows,FRC-404/405/406,correct,compare_flows,1,0,0,0,0,0,0,1
EAVT-L1-WRONG-DIAGNOSIS-008-A004,EAVT-L1-WRONG-DIAGNOSIS-008,3236,check_pressure,feed_branches,correct,check_pressure,1,0,0,0,0,0,0,1
EAVT-L1-WRONG-DIAGNOSIS-008-A005,EAVT-L1-WRONG-DIAGNOSIS-008,3244,check_pump,N-1_group,correct,check_pump,1,0,0,0,0,0,0,1
EAVT-L1-WRONG-DIAGNOSIS-008-A006,EAVT-L1-WRONG-DIAGNOSIS-008,3252,check_valve,target_branch_FRC,correct,check_valve,1,0,0,0,0,0,0,1
EAVT-L1-WRONG-DIAGNOSIS-008-A007,EAVT-L1-WRONG-DIAGNOSIS-008,3260,submit_diagnosis:unknown,feed_branch,incorrect,submit_diagnosis,0,1,0,0,0,0,0,0
EAVT-L1-WRONG-DIAGNOSIS-008-A009,EAVT-L1-WRONG-DIAGNOSIS-008,3285,switch_pump_request,N-1_group,cancelled,none,0,0,0,0,1,0,0,0
EAVT-L1-WRONG-DIAGNOSIS-008-A008,EAVT-L1-WRONG-DIAGNOSIS-008,3295,increase_furnace_heat,furnaces,dangerous,none,0,0,1,0,0,0,0,0
EAVT-L1-NO-VERIFICATION-009-A001,EAVT-L1-NO-VERIFICATION-009,3235,declare_deviation,feed_system,correct,declare_deviation,1,0,0,0,0,0,0,0
EAVT-L1-NO-VERIFICATION-009-A002,EAVT-L1-NO-VERIFICATION-009,3240,ack_alarm,primary_flow_alarm,correct,none,1,0,0,0,0,0,0,0
EAVT-L1-NO-VERIFICATION-009-A003,EAVT-L1-NO-VERIFICATION-009,3241,compare_flows,FRC-404/405/406,correct,compare_flows,1,0,0,0,0,0,0,1
EAVT-L1-NO-VERIFICATION-009-A004,EAVT-L1-NO-VERIFICATION-009,3247,check_pressure,feed_branches,correct,check_pressure,1,0,0,0,0,0,0,1
EAVT-L1-NO-VERIFICATION-009-A005,EAVT-L1-NO-VERIFICATION-009,3253,check_pump,N-1_group,correct,check_pump,1,0,0,0,0,0,0,1
EAVT-L1-NO-VERIFICATION-009-A006,EAVT-L1-NO-VERIFICATION-009,3259,check_valve,target_branch_FRC,correct,check_valve,1,0,0,0,0,0,0,1
EAVT-L1-NO-VERIFICATION-009-A007,EAVT-L1-NO-VERIFICATION-009,3265,submit_diagnosis:valve_stiction,feed_branch,correct,submit_diagnosis,1,0,0,0,0,0,0,0
EAVT-L1-NO-VERIFICATION-009-A008,EAVT-L1-NO-VERIFICATION-009,3276,restore_flow_control,feed_branch,correct,corrective_action,1,0,0,0,0,0,0,0
EAVT-L1-NO-VERIFICATION-010-A001,EAVT-L1-NO-VERIFICATION-010,3195,declare_deviation,feed_system,correct,declare_deviation,1,0,0,0,0,0,0,0
EAVT-L1-NO-VERIFICATION-010-A002,EAVT-L1-NO-VERIFICATION-010,3200,ack_alarm,primary_flow_alarm,correct,none,1,0,0,0,0,0,0,0
EAVT-L1-NO-VERIFICATION-010-A003,EAVT-L1-NO-VERIFICATION-010,3201,compare_flows,FRC-404/405/406,correct,compare_flows,1,0,0,0,0,0,0,1
EAVT-L1-NO-VERIFICATION-010-A004,EAVT-L1-NO-VERIFICATION-010,3207,check_pressure,feed_branches,correct,check_pressure,1,0,0,0,0,0,0,1
EAVT-L1-NO-VERIFICATION-010-A005,EAVT-L1-NO-VERIFICATION-010,3213,check_pump,N-1_group,correct,check_pump,1,0,0,0,0,0,0,1
EAVT-L1-NO-VERIFICATION-010-A006,EAVT-L1-NO-VERIFICATION-010,3219,check_valve,target_branch_FRC,correct,check_valve,1,0,0,0,0,0,0,1
EAVT-L1-NO-VERIFICATION-010-A007,EAVT-L1-NO-VERIFICATION-010,3225,submit_diagnosis:pump_capacity_loss,feed_branch,correct,submit_diagnosis,1,0,0,0,0,0,0,0
EAVT-L1-NO-VERIFICATION-010-A008,EAVT-L1-NO-VERIFICATION-010,3236,switch_to_standby_pump,feed_branch,correct,corrective_action,1,0,0,0,0,0,0,0
EAVT-L1-CHAOTIC-011-A001,EAVT-L1-CHAOTIC-011,3245,declare_deviation,feed_system,correct,declare_deviation,1,0,0,0,0,0,0,0
EAVT-L1-CHAOTIC-011-A002,EAVT-L1-CHAOTIC-011,3250,ack_alarm,primary_flow_alarm,correct,none,1,0,0,0,0,0,0,0
EAVT-L1-CHAOTIC-011-A003,EAVT-L1-CHAOTIC-011,3252,check_pump,N-1_group,correct,check_pump,1,0,0,0,0,0,0,1
EAVT-L1-CHAOTIC-011-A004,EAVT-L1-CHAOTIC-011,3259,compare_flows,FRC-404/405/406,out_of_sequence,compare_flows,0,1,0,0,0,1,0,1
EAVT-L1-CHAOTIC-011-A005,EAVT-L1-CHAOTIC-011,3266,check_valve,target_branch_FRC,correct,check_valve,1,0,0,0,0,0,0,1
EAVT-L1-CHAOTIC-011-A006,EAVT-L1-CHAOTIC-011,3273,check_pressure,feed_branches,out_of_sequence,check_pressure,0,1,0,0,0,1,0,1
EAVT-L1-CHAOTIC-011-A007,EAVT-L1-CHAOTIC-011,3280,submit_diagnosis:valve_stiction,feed_branch,correct,submit_diagnosis,1,0,0,0,0,0,0,0
EAVT-L1-CHAOTIC-011-A008,EAVT-L1-CHAOTIC-011,3292,restore_flow_control,feed_branch,correct,corrective_action,1,0,0,0,0,0,0,0
EAVT-L1-CHAOTIC-011-A010,EAVT-L1-CHAOTIC-011,3300,repeat_previous_command,feed_branch,repeated,none,0,0,0,1,0,0,0,0
EAVT-L1-CHAOTIC-011-A011,EAVT-L1-CHAOTIC-011,3305,switch_pump_request,N-1_group,cancelled,none,0,0,0,0,1,0,0,0
EAVT-L1-CHAOTIC-011-A009,EAVT-L1-CHAOTIC-011,3315,increase_furnace_heat,furnaces,dangerous,none,0,0,1,0,0,0,0,0
EAVT-L1-CHAOTIC-012-A001,EAVT-L1-CHAOTIC-012,3385,declare_deviation,feed_system,correct,declare_deviation,1,0,0,0,0,0,0,0
EAVT-L1-CHAOTIC-012-A002,EAVT-L1-CHAOTIC-012,3390,ack_alarm,primary_flow_alarm,correct,none,1,0,0,0,0,0,0,0
EAVT-L1-CHAOTIC-012-A003,EAVT-L1-CHAOTIC-012,3392,check_pump,N-1_group,correct,check_pump,1,0,0,0,0,0,0,1
EAVT-L1-CHAOTIC-012-A004,EAVT-L1-CHAOTIC-012,3399,compare_flows,FRC-404/405/406,out_of_sequence,compare_flows,0,1,0,0,0,1,0,1
EAVT-L1-CHAOTIC-012-A005,EAVT-L1-CHAOTIC-012,3406,check_valve,target_branch_FRC,correct,check_valve,1,0,0,0,0,0,0,1
EAVT-L1-CHAOTIC-012-A006,EAVT-L1-CHAOTIC-012,3413,check_pressure,feed_branches,out_of_sequence,check_pressure,0,1,0,0,0,1,0,1
EAVT-L1-CHAOTIC-012-A007,EAVT-L1-CHAOTIC-012,3420,submit_diagnosis:pump_capacity_loss,feed_branch,correct,submit_diagnosis,1,0,0,0,0,0,0,0
EAVT-L1-CHAOTIC-012-A008,EAVT-L1-CHAOTIC-012,3432,switch_to_standby_pump,feed_branch,correct,corrective_action,1,0,0,0,0,0,0,0
EAVT-L1-CHAOTIC-012-A010,EAVT-L1-CHAOTIC-012,3440,repeat_previous_command,feed_branch,repeated,none,0,0,0,1,0,0,0,0
EAVT-L1-CHAOTIC-012-A011,EAVT-L1-CHAOTIC-012,3445,switch_pump_request,N-1_group,cancelled,none,0,0,0,0,1,0,0,0
EAVT-L1-CHAOTIC-012-A009,EAVT-L1-CHAOTIC-012,3455,increase_furnace_heat,furnaces,dangerous,none,0,0,1,0,0,0,0,0
EAVT-L1-CHAOTIC-012-A012,EAVT-L1-CHAOTIC-012,3492,verify_flow,feed_branch,correct,verify_flow,1,0,0,0,0,0,1,1
EAVT-L1-CHAOTIC-012-A013,EAVT-L1-CHAOTIC-012,3502,verify_t11,T-1...T-11,correct,verify_downstream,1,0,0,0,0,0,1,1
EAVT-L1-CHAOTIC-012-A014,EAVT-L1-CHAOTIC-012,3512,verify_elou,ELOU,correct,verify_downstream,1,0,0,0,0,0,1,1
EAVT-L1-CHAOTIC-012-A015,EAVT-L1-CHAOTIC-012,3522,verify_e15,E-15,correct,verify_downstream,1,0,0,0,0,0,1,1
EAVT-L1-CHAOTIC-012-A016,EAVT-L1-CHAOTIC-012,3532,verify_k1,K-1,correct,verify_downstream,1,0,0,0,0,0,1,1
EAVT-L1-CHAOTIC-012-A017,EAVT-L1-CHAOTIC-012,3542,verify_furnaces,P-1/P-2/P-3,correct,verify_downstream,1,0,0,0,0,0,1,1
EAVT-L1-CHAOTIC-012-A018,EAVT-L1-CHAOTIC-012,3552,verify_k2,K-2,correct,verify_downstream,1,0,0,0,0,0,1,1
EAVT-L1-CHAOTIC-012-A019,EAVT-L1-CHAOTIC-012,3562,verify_products,product_lines,correct,verify_downstream,1,0,0,0,0,0,1,1
EAVT-L2-EXPERT-013-A001,EAVT-L2-EXPERT-013,3300,declare_deviation,feed_system,correct,declare_deviation,1,0,0,0,0,0,0,0
EAVT-L2-EXPERT-013-A002,EAVT-L2-EXPERT-013,3305,ack_alarm,primary_flow_alarm,correct,none,1,0,0,0,0,0,0,0
EAVT-L2-EXPERT-013-A003,EAVT-L2-EXPERT-013,3305,compare_flows,FRC-404/405/406,correct,compare_flows,1,0,0,0,0,0,0,1
EAVT-L2-EXPERT-013-A004,EAVT-L2-EXPERT-013,3310,check_pressure,feed_branches,correct,check_pressure,1,0,0,0,0,0,0,1
EAVT-L2-EXPERT-013-A005,EAVT-L2-EXPERT-013,3315,check_pump,N-1_group,correct,check_pump,1,0,0,0,0,0,0,1
EAVT-L2-EXPERT-013-A006,EAVT-L2-EXPERT-013,3320,check_valve,target_branch_FRC,correct,check_valve,1,0,0,0,0,0,0,1
EAVT-L2-EXPERT-013-A007,EAVT-L2-EXPERT-013,3325,submit_diagnosis:pump_capacity_loss,feed_branch,correct,submit_diagnosis,1,0,0,0,0,0,0,0
EAVT-L2-EXPERT-013-A008,EAVT-L2-EXPERT-013,3335,switch_to_standby_pump,feed_branch,correct,corrective_action,1,0,0,0,0,0,0,0
EAVT-L2-EXPERT-013-A009,EAVT-L2-EXPERT-013,3360,increase_furnace_heat,furnaces,dangerous,none,0,0,1,0,0,0,0,0
EAVT-L2-EXPERT-013-A010,EAVT-L2-EXPERT-013,3395,verify_flow,feed_branch,correct,verify_flow,1,0,0,0,0,0,1,1
EAVT-L2-EXPERT-013-A011,EAVT-L2-EXPERT-013,3405,verify_t11,T-1...T-11,correct,verify_downstream,1,0,0,0,0,0,1,1
EAVT-L2-EXPERT-013-A012,EAVT-L2-EXPERT-013,3415,verify_elou,ELOU,correct,verify_downstream,1,0,0,0,0,0,1,1
EAVT-L2-EXPERT-013-A013,EAVT-L2-EXPERT-013,3425,verify_e15,E-15,correct,verify_downstream,1,0,0,0,0,0,1,1
EAVT-L2-EXPERT-013-A014,EAVT-L2-EXPERT-013,3435,verify_k1,K-1,correct,verify_downstream,1,0,0,0,0,0,1,1
EAVT-L2-EXPERT-013-A015,EAVT-L2-EXPERT-013,3445,verify_furnaces,P-1/P-2/P-3,correct,verify_downstream,1,0,0,0,0,0,1,1
EAVT-L2-EXPERT-013-A016,EAVT-L2-EXPERT-013,3455,verify_k2,K-2,correct,verify_downstream,1,0,0,0,0,0,1,1
EAVT-L2-EXPERT-013-A017,EAVT-L2-EXPERT-013,3465,verify_products,product_lines,correct,verify_downstream,1,0,0,0,0,0,1,1
EAVT-L2-EXPERT-014-A001,EAVT-L2-EXPERT-014,3245,declare_deviation,feed_system,correct,declare_deviation,1,0,0,0,0,0,0,0
EAVT-L2-EXPERT-014-A002,EAVT-L2-EXPERT-014,3250,ack_alarm,primary_flow_alarm,correct,none,1,0,0,0,0,0,0,0
EAVT-L2-EXPERT-014-A003,EAVT-L2-EXPERT-014,3250,compare_flows,FRC-404/405/406,correct,compare_flows,1,0,0,0,0,0,0,1
EAVT-L2-EXPERT-014-A004,EAVT-L2-EXPERT-014,3255,check_pressure,feed_branches,correct,check_pressure,1,0,0,0,0,0,0,1
EAVT-L2-EXPERT-014-A005,EAVT-L2-EXPERT-014,3260,check_pump,N-1_group,correct,check_pump,1,0,0,0,0,0,0,1
EAVT-L2-EXPERT-014-A006,EAVT-L2-EXPERT-014,3265,check_valve,target_branch_FRC,correct,check_valve,1,0,0,0,0,0,0,1
EAVT-L2-EXPERT-014-A007,EAVT-L2-EXPERT-014,3270,submit_diagnosis:unknown,feed_branch,incorrect,submit_diagnosis,0,1,0,0,0,0,0,0
EAVT-L2-EXPERT-014-A008,EAVT-L2-EXPERT-014,3305,increase_furnace_heat,furnaces,dangerous,none,0,0,1,0,0,0,0,0
EAVT-L2-SLOW-015-A001,EAVT-L2-SLOW-015,3315,declare_deviation,feed_system,correct,declare_deviation,1,0,0,0,0,0,0,0
EAVT-L2-SLOW-015-A002,EAVT-L2-SLOW-015,3320,ack_alarm,primary_flow_alarm,correct,none,1,0,0,0,0,0,0,0
EAVT-L2-SLOW-015-A003,EAVT-L2-SLOW-015,3325,compare_flows,FRC-404/405/406,correct,compare_flows,1,0,0,0,0,0,0,1
EAVT-L2-SLOW-015-A004,EAVT-L2-SLOW-015,3335,check_pressure,feed_branches,correct,check_pressure,1,0,0,0,0,0,0,1
EAVT-L2-SLOW-015-A005,EAVT-L2-SLOW-015,3345,check_pump,N-1_group,correct,check_pump,1,0,0,0,0,0,0,1
EAVT-L2-SLOW-015-A006,EAVT-L2-SLOW-015,3355,check_valve,target_branch_FRC,correct,check_valve,1,0,0,0,0,0,0,1
EAVT-L2-SLOW-015-A007,EAVT-L2-SLOW-015,3365,submit_diagnosis:heat_transfer_problem,feed_branch,incorrect,submit_diagnosis,0,1,0,0,0,0,0,0
EAVT-L2-SLOW-015-A008,EAVT-L2-SLOW-015,3400,increase_furnace_heat,furnaces,dangerous,none,0,0,1,0,0,0,0,0
EAVT-L2-SLOW-016-A001,EAVT-L2-SLOW-016,3305,declare_deviation,feed_system,correct,declare_deviation,1,0,0,0,0,0,0,0
EAVT-L2-SLOW-016-A002,EAVT-L2-SLOW-016,3310,ack_alarm,primary_flow_alarm,correct,none,1,0,0,0,0,0,0,0
EAVT-L2-SLOW-016-A003,EAVT-L2-SLOW-016,3315,compare_flows,FRC-404/405/406,correct,compare_flows,1,0,0,0,0,0,0,1
EAVT-L2-SLOW-016-A004,EAVT-L2-SLOW-016,3325,check_pressure,feed_branches,correct,check_pressure,1,0,0,0,0,0,0,1
EAVT-L2-SLOW-016-A005,EAVT-L2-SLOW-016,3335,check_pump,N-1_group,correct,check_pump,1,0,0,0,0,0,0,1
EAVT-L2-SLOW-016-A006,EAVT-L2-SLOW-016,3345,check_valve,target_branch_FRC,correct,check_valve,1,0,0,0,0,0,0,1
EAVT-L2-SLOW-016-A007,EAVT-L2-SLOW-016,3355,submit_diagnosis:valve_stiction,feed_branch,correct,submit_diagnosis,1,0,0,0,0,0,0,0
EAVT-L2-SLOW-016-A008,EAVT-L2-SLOW-016,3370,restore_flow_control,feed_branch,correct,corrective_action,1,0,0,0,0,0,0,0
EAVT-L2-SLOW-016-A009,EAVT-L2-SLOW-016,3430,verify_flow,feed_branch,correct,verify_flow,1,0,0,0,0,0,1,1
EAVT-L2-SLOW-016-A010,EAVT-L2-SLOW-016,3440,verify_t11,T-1...T-11,correct,verify_downstream,1,0,0,0,0,0,1,1
EAVT-L2-SLOW-016-A011,EAVT-L2-SLOW-016,3450,verify_elou,ELOU,correct,verify_downstream,1,0,0,0,0,0,1,1
EAVT-L2-SLOW-016-A012,EAVT-L2-SLOW-016,3460,verify_e15,E-15,correct,verify_downstream,1,0,0,0,0,0,1,1
EAVT-L2-SLOW-016-A013,EAVT-L2-SLOW-016,3470,verify_k1,K-1,correct,verify_downstream,1,0,0,0,0,0,1,1
EAVT-L2-SLOW-016-A014,EAVT-L2-SLOW-016,3480,verify_furnaces,P-1/P-2/P-3,correct,verify_downstream,1,0,0,0,0,0,1,1
EAVT-L2-SLOW-016-A015,EAVT-L2-SLOW-016,3490,verify_k2,K-2,correct,verify_downstream,1,0,0,0,0,0,1,1
EAVT-L2-SLOW-016-A016,EAVT-L2-SLOW-016,3500,verify_products,product_lines,correct,verify_downstream,1,0,0,0,0,0,1,1
EAVT-L2-ALARM-OVERLOAD-017-A001,EAVT-L2-ALARM-OVERLOAD-017,3330,declare_deviation,feed_system,correct,declare_deviation,1,0,0,0,0,0,0,0
EAVT-L2-ALARM-OVERLOAD-017-A002,EAVT-L2-ALARM-OVERLOAD-017,3335,ack_alarm,primary_flow_alarm,correct,none,1,0,0,0,0,0,0,0
EAVT-L2-ALARM-OVERLOAD-017-A003,EAVT-L2-ALARM-OVERLOAD-017,3340,check_pump,N-1_group,correct,check_pump,1,0,0,0,0,0,0,1
EAVT-L2-ALARM-OVERLOAD-017-A004,EAVT-L2-ALARM-OVERLOAD-017,3350,compare_flows,FRC-404/405/406,out_of_sequence,compare_flows,0,1,0,0,0,1,0,1
EAVT-L2-ALARM-OVERLOAD-017-A005,EAVT-L2-ALARM-OVERLOAD-017,3360,check_valve,target_branch_FRC,correct,check_valve,1,0,0,0,0,0,0,1
EAVT-L2-ALARM-OVERLOAD-017-A006,EAVT-L2-ALARM-OVERLOAD-017,3370,check_pressure,feed_branches,out_of_sequence,check_pressure,0,1,0,0,0,1,0,1
EAVT-L2-ALARM-OVERLOAD-017-A007,EAVT-L2-ALARM-OVERLOAD-017,3380,submit_diagnosis:unknown,feed_branch,incorrect,submit_diagnosis,0,1,0,0,0,0,0,0
EAVT-L2-ALARM-OVERLOAD-017-A009,EAVT-L2-ALARM-OVERLOAD-017,3400,repeat_previous_command,feed_branch,repeated,none,0,0,0,1,0,0,0,0
EAVT-L2-ALARM-OVERLOAD-017-A008,EAVT-L2-ALARM-OVERLOAD-017,3415,increase_furnace_heat,furnaces,dangerous,none,0,0,1,0,0,0,0,0
EAVT-L2-ALARM-OVERLOAD-018-A001,EAVT-L2-ALARM-OVERLOAD-018,3370,declare_deviation,feed_system,correct,declare_deviation,1,0,0,0,0,0,0,0
EAVT-L2-ALARM-OVERLOAD-018-A002,EAVT-L2-ALARM-OVERLOAD-018,3375,ack_alarm,primary_flow_alarm,correct,none,1,0,0,0,0,0,0,0
EAVT-L2-ALARM-OVERLOAD-018-A003,EAVT-L2-ALARM-OVERLOAD-018,3380,check_pump,N-1_group,correct,check_pump,1,0,0,0,0,0,0,1
EAVT-L2-ALARM-OVERLOAD-018-A004,EAVT-L2-ALARM-OVERLOAD-018,3390,compare_flows,FRC-404/405/406,out_of_sequence,compare_flows,0,1,0,0,0,1,0,1
EAVT-L2-ALARM-OVERLOAD-018-A005,EAVT-L2-ALARM-OVERLOAD-018,3400,check_valve,target_branch_FRC,correct,check_valve,1,0,0,0,0,0,0,1
EAVT-L2-ALARM-OVERLOAD-018-A006,EAVT-L2-ALARM-OVERLOAD-018,3410,check_pressure,feed_branches,out_of_sequence,check_pressure,0,1,0,0,0,1,0,1
EAVT-L2-ALARM-OVERLOAD-018-A007,EAVT-L2-ALARM-OVERLOAD-018,3420,submit_diagnosis:valve_stiction,feed_branch,correct,submit_diagnosis,1,0,0,0,0,0,0,0
EAVT-L2-ALARM-OVERLOAD-018-A008,EAVT-L2-ALARM-OVERLOAD-018,3435,restore_flow_control,feed_branch,correct,corrective_action,1,0,0,0,0,0,0,0
EAVT-L2-ALARM-OVERLOAD-018-A009,EAVT-L2-ALARM-OVERLOAD-018,3440,repeat_previous_command,feed_branch,repeated,none,0,0,0,1,0,0,0,0
EAVT-L2-WRONG-DIAGNOSIS-019-A001,EAVT-L2-WRONG-DIAGNOSIS-019,3305,declare_deviation,feed_system,correct,declare_deviation,1,0,0,0,0,0,0,0
EAVT-L2-WRONG-DIAGNOSIS-019-A002,EAVT-L2-WRONG-DIAGNOSIS-019,3310,ack_alarm,primary_flow_alarm,correct,none,1,0,0,0,0,0,0,0
EAVT-L2-WRONG-DIAGNOSIS-019-A003,EAVT-L2-WRONG-DIAGNOSIS-019,3313,compare_flows,FRC-404/405/406,correct,compare_flows,1,0,0,0,0,0,0,1
EAVT-L2-WRONG-DIAGNOSIS-019-A004,EAVT-L2-WRONG-DIAGNOSIS-019,3321,check_pressure,feed_branches,correct,check_pressure,1,0,0,0,0,0,0,1
EAVT-L2-WRONG-DIAGNOSIS-019-A005,EAVT-L2-WRONG-DIAGNOSIS-019,3329,check_pump,N-1_group,correct,check_pump,1,0,0,0,0,0,0,1
EAVT-L2-WRONG-DIAGNOSIS-019-A006,EAVT-L2-WRONG-DIAGNOSIS-019,3337,check_valve,target_branch_FRC,correct,check_valve,1,0,0,0,0,0,0,1
EAVT-L2-WRONG-DIAGNOSIS-019-A007,EAVT-L2-WRONG-DIAGNOSIS-019,3345,submit_diagnosis:unknown,feed_branch,incorrect,submit_diagnosis,0,1,0,0,0,0,0,0
EAVT-L2-WRONG-DIAGNOSIS-019-A009,EAVT-L2-WRONG-DIAGNOSIS-019,3370,switch_pump_request,N-1_group,cancelled,none,0,0,0,0,1,0,0,0
EAVT-L2-WRONG-DIAGNOSIS-019-A008,EAVT-L2-WRONG-DIAGNOSIS-019,3380,increase_furnace_heat,furnaces,dangerous,none,0,0,1,0,0,0,0,0
EAVT-L2-WRONG-DIAGNOSIS-020-A001,EAVT-L2-WRONG-DIAGNOSIS-020,3330,declare_deviation,feed_system,correct,declare_deviation,1,0,0,0,0,0,0,0
EAVT-L2-WRONG-DIAGNOSIS-020-A002,EAVT-L2-WRONG-DIAGNOSIS-020,3335,ack_alarm,primary_flow_alarm,correct,none,1,0,0,0,0,0,0,0
EAVT-L2-WRONG-DIAGNOSIS-020-A003,EAVT-L2-WRONG-DIAGNOSIS-020,3338,compare_flows,FRC-404/405/406,correct,compare_flows,1,0,0,0,0,0,0,1
EAVT-L2-WRONG-DIAGNOSIS-020-A004,EAVT-L2-WRONG-DIAGNOSIS-020,3346,check_pressure,feed_branches,correct,check_pressure,1,0,0,0,0,0,0,1
EAVT-L2-WRONG-DIAGNOSIS-020-A005,EAVT-L2-WRONG-DIAGNOSIS-020,3354,check_pump,N-1_group,correct,check_pump,1,0,0,0,0,0,0,1
EAVT-L2-WRONG-DIAGNOSIS-020-A006,EAVT-L2-WRONG-DIAGNOSIS-020,3362,check_valve,target_branch_FRC,correct,check_valve,1,0,0,0,0,0,0,1
EAVT-L2-WRONG-DIAGNOSIS-020-A007,EAVT-L2-WRONG-DIAGNOSIS-020,3370,submit_diagnosis:sensor_fault,feed_branch,incorrect,submit_diagnosis,0,1,0,0,0,0,0,0
EAVT-L2-WRONG-DIAGNOSIS-020-A009,EAVT-L2-WRONG-DIAGNOSIS-020,3395,switch_pump_request,N-1_group,cancelled,none,0,0,0,0,1,0,0,0
EAVT-L2-WRONG-DIAGNOSIS-020-A008,EAVT-L2-WRONG-DIAGNOSIS-020,3405,increase_furnace_heat,furnaces,dangerous,none,0,0,1,0,0,0,0,0
EAVT-L2-NO-VERIFICATION-021-A001,EAVT-L2-NO-VERIFICATION-021,3195,declare_deviation,feed_system,correct,declare_deviation,1,0,0,0,0,0,0,0
EAVT-L2-NO-VERIFICATION-021-A002,EAVT-L2-NO-VERIFICATION-021,3200,ack_alarm,primary_flow_alarm,correct,none,1,0,0,0,0,0,0,0
EAVT-L2-NO-VERIFICATION-021-A003,EAVT-L2-NO-VERIFICATION-021,3201,compare_flows,FRC-404/405/406,correct,compare_flows,1,0,0,0,0,0,0,1
EAVT-L2-NO-VERIFICATION-021-A004,EAVT-L2-NO-VERIFICATION-021,3207,check_pressure,feed_branches,correct,check_pressure,1,0,0,0,0,0,0,1
EAVT-L2-NO-VERIFICATION-021-A005,EAVT-L2-NO-VERIFICATION-021,3213,check_pump,N-1_group,correct,check_pump,1,0,0,0,0,0,0,1
EAVT-L2-NO-VERIFICATION-021-A006,EAVT-L2-NO-VERIFICATION-021,3219,check_valve,target_branch_FRC,correct,check_valve,1,0,0,0,0,0,0,1
EAVT-L2-NO-VERIFICATION-021-A007,EAVT-L2-NO-VERIFICATION-021,3225,submit_diagnosis:pump_capacity_loss,feed_branch,correct,submit_diagnosis,1,0,0,0,0,0,0,0
EAVT-L2-NO-VERIFICATION-021-A008,EAVT-L2-NO-VERIFICATION-021,3236,switch_to_standby_pump,feed_branch,correct,corrective_action,1,0,0,0,0,0,0,0
EAVT-L2-NO-VERIFICATION-021-A009,EAVT-L2-NO-VERIFICATION-021,3260,increase_furnace_heat,furnaces,dangerous,none,0,0,1,0,0,0,0,0
EAVT-L2-NO-VERIFICATION-022-A001,EAVT-L2-NO-VERIFICATION-022,3335,declare_deviation,feed_system,correct,declare_deviation,1,0,0,0,0,0,0,0
EAVT-L2-NO-VERIFICATION-022-A002,EAVT-L2-NO-VERIFICATION-022,3340,ack_alarm,primary_flow_alarm,correct,none,1,0,0,0,0,0,0,0
EAVT-L2-NO-VERIFICATION-022-A003,EAVT-L2-NO-VERIFICATION-022,3341,compare_flows,FRC-404/405/406,correct,compare_flows,1,0,0,0,0,0,0,1
EAVT-L2-NO-VERIFICATION-022-A004,EAVT-L2-NO-VERIFICATION-022,3347,check_pressure,feed_branches,correct,check_pressure,1,0,0,0,0,0,0,1
EAVT-L2-NO-VERIFICATION-022-A005,EAVT-L2-NO-VERIFICATION-022,3353,check_pump,N-1_group,correct,check_pump,1,0,0,0,0,0,0,1
EAVT-L2-NO-VERIFICATION-022-A006,EAVT-L2-NO-VERIFICATION-022,3359,check_valve,target_branch_FRC,correct,check_valve,1,0,0,0,0,0,0,1
EAVT-L2-NO-VERIFICATION-022-A007,EAVT-L2-NO-VERIFICATION-022,3365,submit_diagnosis:valve_stiction,feed_branch,correct,submit_diagnosis,1,0,0,0,0,0,0,0
EAVT-L2-NO-VERIFICATION-022-A008,EAVT-L2-NO-VERIFICATION-022,3376,restore_flow_control,feed_branch,correct,corrective_action,1,0,0,0,0,0,0,0
EAVT-L2-CHAOTIC-023-A001,EAVT-L2-CHAOTIC-023,3330,declare_deviation,feed_system,correct,declare_deviation,1,0,0,0,0,0,0,0
EAVT-L2-CHAOTIC-023-A002,EAVT-L2-CHAOTIC-023,3335,ack_alarm,primary_flow_alarm,correct,none,1,0,0,0,0,0,0,0
EAVT-L2-CHAOTIC-023-A003,EAVT-L2-CHAOTIC-023,3337,check_pump,N-1_group,correct,check_pump,1,0,0,0,0,0,0,1
EAVT-L2-CHAOTIC-023-A004,EAVT-L2-CHAOTIC-023,3344,compare_flows,FRC-404/405/406,out_of_sequence,compare_flows,0,1,0,0,0,1,0,1
EAVT-L2-CHAOTIC-023-A005,EAVT-L2-CHAOTIC-023,3351,check_valve,target_branch_FRC,correct,check_valve,1,0,0,0,0,0,0,1
EAVT-L2-CHAOTIC-023-A006,EAVT-L2-CHAOTIC-023,3358,check_pressure,feed_branches,out_of_sequence,check_pressure,0,1,0,0,0,1,0,1
EAVT-L2-CHAOTIC-023-A007,EAVT-L2-CHAOTIC-023,3365,submit_diagnosis:unknown,feed_branch,incorrect,submit_diagnosis,0,1,0,0,0,0,0,0
EAVT-L2-CHAOTIC-023-A011,EAVT-L2-CHAOTIC-023,3385,repeat_previous_command,feed_branch,repeated,none,0,0,0,1,0,0,0,0
EAVT-L2-CHAOTIC-023-A012,EAVT-L2-CHAOTIC-023,3390,switch_pump_request,N-1_group,cancelled,none,0,0,0,0,1,0,0,0
EAVT-L2-CHAOTIC-023-A010,EAVT-L2-CHAOTIC-023,3400,increase_furnace_heat,furnaces,dangerous,none,0,0,1,0,0,0,0,0
EAVT-L2-CHAOTIC-023-A008,EAVT-L2-CHAOTIC-023,3535,submit_diagnosis:pump_capacity_loss,feed_branch,correct,submit_diagnosis,1,0,0,0,0,0,0,0
EAVT-L2-CHAOTIC-023-A009,EAVT-L2-CHAOTIC-023,3545,switch_to_standby_pump,feed_branch,correct,corrective_action,1,0,0,0,0,0,0,0
EAVT-L2-CHAOTIC-023-A013,EAVT-L2-CHAOTIC-023,3605,verify_flow,feed_branch,correct,verify_flow,1,0,0,0,0,0,1,1
EAVT-L2-CHAOTIC-023-A014,EAVT-L2-CHAOTIC-023,3615,verify_t11,T-1...T-11,correct,verify_downstream,1,0,0,0,0,0,1,1
EAVT-L2-CHAOTIC-023-A015,EAVT-L2-CHAOTIC-023,3625,verify_elou,ELOU,correct,verify_downstream,1,0,0,0,0,0,1,1
EAVT-L2-CHAOTIC-023-A016,EAVT-L2-CHAOTIC-023,3635,verify_e15,E-15,correct,verify_downstream,1,0,0,0,0,0,1,1
EAVT-L2-CHAOTIC-023-A017,EAVT-L2-CHAOTIC-023,3645,verify_k1,K-1,correct,verify_downstream,1,0,0,0,0,0,1,1
EAVT-L2-CHAOTIC-023-A018,EAVT-L2-CHAOTIC-023,3655,verify_furnaces,P-1/P-2/P-3,correct,verify_downstream,1,0,0,0,0,0,1,1
EAVT-L2-CHAOTIC-023-A019,EAVT-L2-CHAOTIC-023,3665,verify_k2,K-2,correct,verify_downstream,1,0,0,0,0,0,1,1
EAVT-L2-CHAOTIC-023-A020,EAVT-L2-CHAOTIC-023,3675,verify_products,product_lines,correct,verify_downstream,1,0,0,0,0,0,1,1
EAVT-L2-CHAOTIC-024-A001,EAVT-L2-CHAOTIC-024,3280,declare_deviation,feed_system,correct,declare_deviation,1,0,0,0,0,0,0,0
EAVT-L2-CHAOTIC-024-A002,EAVT-L2-CHAOTIC-024,3285,ack_alarm,primary_flow_alarm,correct,none,1,0,0,0,0,0,0,0
EAVT-L2-CHAOTIC-024-A003,EAVT-L2-CHAOTIC-024,3287,check_pump,N-1_group,correct,check_pump,1,0,0,0,0,0,0,1
EAVT-L2-CHAOTIC-024-A004,EAVT-L2-CHAOTIC-024,3294,compare_flows,FRC-404/405/406,out_of_sequence,compare_flows,0,1,0,0,0,1,0,1
EAVT-L2-CHAOTIC-024-A005,EAVT-L2-CHAOTIC-024,3301,check_valve,target_branch_FRC,correct,check_valve,1,0,0,0,0,0,0,1
EAVT-L2-CHAOTIC-024-A006,EAVT-L2-CHAOTIC-024,3308,check_pressure,feed_branches,out_of_sequence,check_pressure,0,1,0,0,0,1,0,1
EAVT-L2-CHAOTIC-024-A007,EAVT-L2-CHAOTIC-024,3315,submit_diagnosis:valve_stiction,feed_branch,correct,submit_diagnosis,1,0,0,0,0,0,0,0
EAVT-L2-CHAOTIC-024-A008,EAVT-L2-CHAOTIC-024,3327,restore_flow_control,feed_branch,correct,corrective_action,1,0,0,0,0,0,0,0
EAVT-L2-CHAOTIC-024-A009,EAVT-L2-CHAOTIC-024,3335,repeat_previous_command,feed_branch,repeated,none,0,0,0,1,0,0,0,0
EAVT-L2-CHAOTIC-024-A010,EAVT-L2-CHAOTIC-024,3340,switch_pump_request,N-1_group,cancelled,none,0,0,0,0,1,0,0,0
EAVT-L2-CHAOTIC-024-A011,EAVT-L2-CHAOTIC-024,3387,verify_flow,feed_branch,correct,verify_flow,1,0,0,0,0,0,1,1
EAVT-L2-CHAOTIC-024-A012,EAVT-L2-CHAOTIC-024,3397,verify_t11,T-1...T-11,correct,verify_downstream,1,0,0,0,0,0,1,1
EAVT-L2-CHAOTIC-024-A013,EAVT-L2-CHAOTIC-024,3407,verify_elou,ELOU,correct,verify_downstream,1,0,0,0,0,0,1,1
EAVT-L2-CHAOTIC-024-A014,EAVT-L2-CHAOTIC-024,3417,verify_e15,E-15,correct,verify_downstream,1,0,0,0,0,0,1,1
EAVT-L2-CHAOTIC-024-A015,EAVT-L2-CHAOTIC-024,3427,verify_k1,K-1,correct,verify_downstream,1,0,0,0,0,0,1,1
EAVT-L2-CHAOTIC-024-A016,EAVT-L2-CHAOTIC-024,3437,verify_furnaces,P-1/P-2/P-3,correct,verify_downstream,1,0,0,0,0,0,1,1
EAVT-L2-CHAOTIC-024-A017,EAVT-L2-CHAOTIC-024,3447,verify_k2,K-2,correct,verify_downstream,1,0,0,0,0,0,1,1
EAVT-L2-CHAOTIC-024-A018,EAVT-L2-CHAOTIC-024,3457,verify_products,product_lines,correct,verify_downstream,1,0,0,0,0,0,1,1
EAVT-L3-EXPERT-025-A001,EAVT-L3-EXPERT-025,3245,declare_deviation,feed_system,correct,declare_deviation,1,0,0,0,0,0,0,0
EAVT-L3-EXPERT-025-A002,EAVT-L3-EXPERT-025,3250,ack_alarm,primary_flow_alarm,correct,none,1,0,0,0,0,0,0,0
EAVT-L3-EXPERT-025-A003,EAVT-L3-EXPERT-025,3250,compare_flows,FRC-404/405/406,correct,compare_flows,1,0,0,0,0,0,0,1
EAVT-L3-EXPERT-025-A004,EAVT-L3-EXPERT-025,3255,check_pressure,feed_branches,correct,check_pressure,1,0,0,0,0,0,0,1
EAVT-L3-EXPERT-025-A005,EAVT-L3-EXPERT-025,3260,check_pump,N-1_group,correct,check_pump,1,0,0,0,0,0,0,1
EAVT-L3-EXPERT-025-A006,EAVT-L3-EXPERT-025,3265,check_valve,target_branch_FRC,correct,check_valve,1,0,0,0,0,0,0,1
EAVT-L3-EXPERT-025-A007,EAVT-L3-EXPERT-025,3270,submit_diagnosis:valve_stiction,feed_branch,correct,submit_diagnosis,1,0,0,0,0,0,0,0
EAVT-L3-EXPERT-025-A008,EAVT-L3-EXPERT-025,3280,restore_flow_control,feed_branch,correct,corrective_action,1,0,0,0,0,0,0,0
EAVT-L3-EXPERT-025-A009,EAVT-L3-EXPERT-025,3340,verify_flow,feed_branch,correct,verify_flow,1,0,0,0,0,0,1,1
EAVT-L3-EXPERT-025-A010,EAVT-L3-EXPERT-025,3350,verify_t11,T-1...T-11,correct,verify_downstream,1,0,0,0,0,0,1,1
EAVT-L3-EXPERT-025-A011,EAVT-L3-EXPERT-025,3360,verify_elou,ELOU,correct,verify_downstream,1,0,0,0,0,0,1,1
EAVT-L3-EXPERT-025-A012,EAVT-L3-EXPERT-025,3370,verify_e15,E-15,correct,verify_downstream,1,0,0,0,0,0,1,1
EAVT-L3-EXPERT-025-A013,EAVT-L3-EXPERT-025,3380,verify_k1,K-1,correct,verify_downstream,1,0,0,0,0,0,1,1
EAVT-L3-EXPERT-025-A014,EAVT-L3-EXPERT-025,3390,verify_furnaces,P-1/P-2/P-3,correct,verify_downstream,1,0,0,0,0,0,1,1
EAVT-L3-EXPERT-025-A015,EAVT-L3-EXPERT-025,3400,verify_k2,K-2,correct,verify_downstream,1,0,0,0,0,0,1,1
EAVT-L3-EXPERT-025-A016,EAVT-L3-EXPERT-025,3410,verify_products,product_lines,correct,verify_downstream,1,0,0,0,0,0,1,1
EAVT-L3-EXPERT-026-A001,EAVT-L3-EXPERT-026,3300,declare_deviation,feed_system,correct,declare_deviation,1,0,0,0,0,0,0,0
EAVT-L3-EXPERT-026-A002,EAVT-L3-EXPERT-026,3305,ack_alarm,primary_flow_alarm,correct,none,1,0,0,0,0,0,0,0
EAVT-L3-EXPERT-026-A003,EAVT-L3-EXPERT-026,3305,compare_flows,FRC-404/405/406,correct,compare_flows,1,0,0,0,0,0,0,1
EAVT-L3-EXPERT-026-A004,EAVT-L3-EXPERT-026,3310,check_pressure,feed_branches,correct,check_pressure,1,0,0,0,0,0,0,1
EAVT-L3-EXPERT-026-A005,EAVT-L3-EXPERT-026,3315,check_pump,N-1_group,correct,check_pump,1,0,0,0,0,0,0,1
EAVT-L3-EXPERT-026-A006,EAVT-L3-EXPERT-026,3320,check_valve,target_branch_FRC,correct,check_valve,1,0,0,0,0,0,0,1
EAVT-L3-EXPERT-026-A007,EAVT-L3-EXPERT-026,3325,submit_diagnosis:pump_capacity_loss,feed_branch,correct,submit_diagnosis,1,0,0,0,0,0,0,0
EAVT-L3-EXPERT-026-A008,EAVT-L3-EXPERT-026,3335,switch_to_standby_pump,feed_branch,correct,corrective_action,1,0,0,0,0,0,0,0
EAVT-L3-EXPERT-026-A009,EAVT-L3-EXPERT-026,3395,verify_flow,feed_branch,correct,verify_flow,1,0,0,0,0,0,1,1
EAVT-L3-EXPERT-026-A010,EAVT-L3-EXPERT-026,3405,verify_t11,T-1...T-11,correct,verify_downstream,1,0,0,0,0,0,1,1
EAVT-L3-EXPERT-026-A011,EAVT-L3-EXPERT-026,3415,verify_elou,ELOU,correct,verify_downstream,1,0,0,0,0,0,1,1
EAVT-L3-EXPERT-026-A012,EAVT-L3-EXPERT-026,3425,verify_e15,E-15,correct,verify_downstream,1,0,0,0,0,0,1,1
EAVT-L3-EXPERT-026-A013,EAVT-L3-EXPERT-026,3435,verify_k1,K-1,correct,verify_downstream,1,0,0,0,0,0,1,1
EAVT-L3-EXPERT-026-A014,EAVT-L3-EXPERT-026,3445,verify_furnaces,P-1/P-2/P-3,correct,verify_downstream,1,0,0,0,0,0,1,1
EAVT-L3-EXPERT-026-A015,EAVT-L3-EXPERT-026,3455,verify_k2,K-2,correct,verify_downstream,1,0,0,0,0,0,1,1
EAVT-L3-EXPERT-026-A016,EAVT-L3-EXPERT-026,3465,verify_products,product_lines,correct,verify_downstream,1,0,0,0,0,0,1,1
EAVT-L3-SLOW-027-A001,EAVT-L3-SLOW-027,3265,declare_deviation,feed_system,correct,declare_deviation,1,0,0,0,0,0,0,0
EAVT-L3-SLOW-027-A002,EAVT-L3-SLOW-027,3270,ack_alarm,primary_flow_alarm,correct,none,1,0,0,0,0,0,0,0
EAVT-L3-SLOW-027-A003,EAVT-L3-SLOW-027,3275,compare_flows,FRC-404/405/406,correct,compare_flows,1,0,0,0,0,0,0,1
EAVT-L3-SLOW-027-A004,EAVT-L3-SLOW-027,3285,check_pressure,feed_branches,correct,check_pressure,1,0,0,0,0,0,0,1
EAVT-L3-SLOW-027-A005,EAVT-L3-SLOW-027,3295,check_pump,N-1_group,correct,check_pump,1,0,0,0,0,0,0,1
EAVT-L3-SLOW-027-A006,EAVT-L3-SLOW-027,3305,check_valve,target_branch_FRC,correct,check_valve,1,0,0,0,0,0,0,1
EAVT-L3-SLOW-027-A007,EAVT-L3-SLOW-027,3315,submit_diagnosis:valve_stiction,feed_branch,correct,submit_diagnosis,1,0,0,0,0,0,0,0
EAVT-L3-SLOW-027-A008,EAVT-L3-SLOW-027,3330,restore_flow_control,feed_branch,correct,corrective_action,1,0,0,0,0,0,0,0
EAVT-L3-SLOW-027-A009,EAVT-L3-SLOW-027,3390,verify_flow,feed_branch,correct,verify_flow,1,0,0,0,0,0,1,1
EAVT-L3-SLOW-027-A010,EAVT-L3-SLOW-027,3400,verify_t11,T-1...T-11,correct,verify_downstream,1,0,0,0,0,0,1,1
EAVT-L3-SLOW-027-A011,EAVT-L3-SLOW-027,3410,verify_elou,ELOU,correct,verify_downstream,1,0,0,0,0,0,1,1
EAVT-L3-SLOW-027-A012,EAVT-L3-SLOW-027,3420,verify_e15,E-15,correct,verify_downstream,1,0,0,0,0,0,1,1
EAVT-L3-SLOW-027-A013,EAVT-L3-SLOW-027,3430,verify_k1,K-1,correct,verify_downstream,1,0,0,0,0,0,1,1
EAVT-L3-SLOW-027-A014,EAVT-L3-SLOW-027,3440,verify_furnaces,P-1/P-2/P-3,correct,verify_downstream,1,0,0,0,0,0,1,1
EAVT-L3-SLOW-027-A015,EAVT-L3-SLOW-027,3450,verify_k2,K-2,correct,verify_downstream,1,0,0,0,0,0,1,1
EAVT-L3-SLOW-027-A016,EAVT-L3-SLOW-027,3460,verify_products,product_lines,correct,verify_downstream,1,0,0,0,0,0,1,1
EAVT-L3-SLOW-028-A001,EAVT-L3-SLOW-028,3240,declare_deviation,feed_system,correct,declare_deviation,1,0,0,0,0,0,0,0
EAVT-L3-SLOW-028-A002,EAVT-L3-SLOW-028,3245,ack_alarm,primary_flow_alarm,correct,none,1,0,0,0,0,0,0,0
EAVT-L3-SLOW-028-A003,EAVT-L3-SLOW-028,3250,compare_flows,FRC-404/405/406,correct,compare_flows,1,0,0,0,0,0,0,1
EAVT-L3-SLOW-028-A004,EAVT-L3-SLOW-028,3260,check_pressure,feed_branches,correct,check_pressure,1,0,0,0,0,0,0,1
EAVT-L3-SLOW-028-A005,EAVT-L3-SLOW-028,3270,check_pump,N-1_group,correct,check_pump,1,0,0,0,0,0,0,1
EAVT-L3-SLOW-028-A006,EAVT-L3-SLOW-028,3280,check_valve,target_branch_FRC,correct,check_valve,1,0,0,0,0,0,0,1
EAVT-L3-SLOW-028-A007,EAVT-L3-SLOW-028,3290,submit_diagnosis:heat_transfer_problem,feed_branch,incorrect,submit_diagnosis,0,1,0,0,0,0,0,0
EAVT-L3-SLOW-028-A008,EAVT-L3-SLOW-028,3325,increase_furnace_heat,furnaces,dangerous,none,0,0,1,0,0,0,0,0
EAVT-L3-ALARM-OVERLOAD-029-A001,EAVT-L3-ALARM-OVERLOAD-029,3305,declare_deviation,feed_system,correct,declare_deviation,1,0,0,0,0,0,0,0
EAVT-L3-ALARM-OVERLOAD-029-A002,EAVT-L3-ALARM-OVERLOAD-029,3310,ack_alarm,primary_flow_alarm,correct,none,1,0,0,0,0,0,0,0
EAVT-L3-ALARM-OVERLOAD-029-A003,EAVT-L3-ALARM-OVERLOAD-029,3315,check_pump,N-1_group,correct,check_pump,1,0,0,0,0,0,0,1
EAVT-L3-ALARM-OVERLOAD-029-A004,EAVT-L3-ALARM-OVERLOAD-029,3325,compare_flows,FRC-404/405/406,out_of_sequence,compare_flows,0,1,0,0,0,1,0,1
EAVT-L3-ALARM-OVERLOAD-029-A005,EAVT-L3-ALARM-OVERLOAD-029,3335,check_valve,target_branch_FRC,correct,check_valve,1,0,0,0,0,0,0,1
EAVT-L3-ALARM-OVERLOAD-029-A006,EAVT-L3-ALARM-OVERLOAD-029,3345,check_pressure,feed_branches,out_of_sequence,check_pressure,0,1,0,0,0,1,0,1
EAVT-L3-ALARM-OVERLOAD-029-A007,EAVT-L3-ALARM-OVERLOAD-029,3355,submit_diagnosis:valve_stiction,feed_branch,correct,submit_diagnosis,1,0,0,0,0,0,0,0
EAVT-L3-ALARM-OVERLOAD-029-A008,EAVT-L3-ALARM-OVERLOAD-029,3370,restore_flow_control,feed_branch,correct,corrective_action,1,0,0,0,0,0,0,0
EAVT-L3-ALARM-OVERLOAD-029-A009,EAVT-L3-ALARM-OVERLOAD-029,3375,repeat_previous_command,feed_branch,repeated,none,0,0,0,1,0,0,0,0
EAVT-L3-ALARM-OVERLOAD-030-A001,EAVT-L3-ALARM-OVERLOAD-030,3255,declare_deviation,feed_system,correct,declare_deviation,1,0,0,0,0,0,0,0
EAVT-L3-ALARM-OVERLOAD-030-A002,EAVT-L3-ALARM-OVERLOAD-030,3260,ack_alarm,primary_flow_alarm,correct,none,1,0,0,0,0,0,0,0
EAVT-L3-ALARM-OVERLOAD-030-A003,EAVT-L3-ALARM-OVERLOAD-030,3265,check_pump,N-1_group,correct,check_pump,1,0,0,0,0,0,0,1
EAVT-L3-ALARM-OVERLOAD-030-A004,EAVT-L3-ALARM-OVERLOAD-030,3275,compare_flows,FRC-404/405/406,out_of_sequence,compare_flows,0,1,0,0,0,1,0,1
EAVT-L3-ALARM-OVERLOAD-030-A005,EAVT-L3-ALARM-OVERLOAD-030,3285,check_valve,target_branch_FRC,correct,check_valve,1,0,0,0,0,0,0,1
EAVT-L3-ALARM-OVERLOAD-030-A006,EAVT-L3-ALARM-OVERLOAD-030,3295,check_pressure,feed_branches,out_of_sequence,check_pressure,0,1,0,0,0,1,0,1
EAVT-L3-ALARM-OVERLOAD-030-A007,EAVT-L3-ALARM-OVERLOAD-030,3305,submit_diagnosis:pump_capacity_loss,feed_branch,correct,submit_diagnosis,1,0,0,0,0,0,0,0
EAVT-L3-ALARM-OVERLOAD-030-A008,EAVT-L3-ALARM-OVERLOAD-030,3320,switch_to_standby_pump,feed_branch,correct,corrective_action,1,0,0,0,0,0,0,0
EAVT-L3-ALARM-OVERLOAD-030-A009,EAVT-L3-ALARM-OVERLOAD-030,3325,repeat_previous_command,feed_branch,repeated,none,0,0,0,1,0,0,0,0
EAVT-L3-WRONG-DIAGNOSIS-031-A001,EAVT-L3-WRONG-DIAGNOSIS-031,3185,declare_deviation,feed_system,correct,declare_deviation,1,0,0,0,0,0,0,0
EAVT-L3-WRONG-DIAGNOSIS-031-A002,EAVT-L3-WRONG-DIAGNOSIS-031,3190,ack_alarm,primary_flow_alarm,correct,none,1,0,0,0,0,0,0,0
EAVT-L3-WRONG-DIAGNOSIS-031-A003,EAVT-L3-WRONG-DIAGNOSIS-031,3193,compare_flows,FRC-404/405/406,correct,compare_flows,1,0,0,0,0,0,0,1
EAVT-L3-WRONG-DIAGNOSIS-031-A004,EAVT-L3-WRONG-DIAGNOSIS-031,3201,check_pressure,feed_branches,correct,check_pressure,1,0,0,0,0,0,0,1
EAVT-L3-WRONG-DIAGNOSIS-031-A005,EAVT-L3-WRONG-DIAGNOSIS-031,3209,check_pump,N-1_group,correct,check_pump,1,0,0,0,0,0,0,1
EAVT-L3-WRONG-DIAGNOSIS-031-A006,EAVT-L3-WRONG-DIAGNOSIS-031,3217,check_valve,target_branch_FRC,correct,check_valve,1,0,0,0,0,0,0,1
EAVT-L3-WRONG-DIAGNOSIS-031-A007,EAVT-L3-WRONG-DIAGNOSIS-031,3225,submit_diagnosis:sensor_fault,feed_branch,incorrect,submit_diagnosis,0,1,0,0,0,0,0,0
EAVT-L3-WRONG-DIAGNOSIS-031-A009,EAVT-L3-WRONG-DIAGNOSIS-031,3250,switch_pump_request,N-1_group,cancelled,none,0,0,0,0,1,0,0,0
EAVT-L3-WRONG-DIAGNOSIS-031-A008,EAVT-L3-WRONG-DIAGNOSIS-031,3260,increase_furnace_heat,furnaces,dangerous,none,0,0,1,0,0,0,0,0
EAVT-L3-WRONG-DIAGNOSIS-032-A001,EAVT-L3-WRONG-DIAGNOSIS-032,3315,declare_deviation,feed_system,correct,declare_deviation,1,0,0,0,0,0,0,0
EAVT-L3-WRONG-DIAGNOSIS-032-A002,EAVT-L3-WRONG-DIAGNOSIS-032,3320,ack_alarm,primary_flow_alarm,correct,none,1,0,0,0,0,0,0,0
EAVT-L3-WRONG-DIAGNOSIS-032-A003,EAVT-L3-WRONG-DIAGNOSIS-032,3323,compare_flows,FRC-404/405/406,correct,compare_flows,1,0,0,0,0,0,0,1
EAVT-L3-WRONG-DIAGNOSIS-032-A004,EAVT-L3-WRONG-DIAGNOSIS-032,3331,check_pressure,feed_branches,correct,check_pressure,1,0,0,0,0,0,0,1
EAVT-L3-WRONG-DIAGNOSIS-032-A005,EAVT-L3-WRONG-DIAGNOSIS-032,3339,check_pump,N-1_group,correct,check_pump,1,0,0,0,0,0,0,1
EAVT-L3-WRONG-DIAGNOSIS-032-A006,EAVT-L3-WRONG-DIAGNOSIS-032,3347,check_valve,target_branch_FRC,correct,check_valve,1,0,0,0,0,0,0,1
EAVT-L3-WRONG-DIAGNOSIS-032-A007,EAVT-L3-WRONG-DIAGNOSIS-032,3355,submit_diagnosis:sensor_fault,feed_branch,incorrect,submit_diagnosis,0,1,0,0,0,0,0,0
EAVT-L3-WRONG-DIAGNOSIS-032-A009,EAVT-L3-WRONG-DIAGNOSIS-032,3380,switch_pump_request,N-1_group,cancelled,none,0,0,0,0,1,0,0,0
EAVT-L3-WRONG-DIAGNOSIS-032-A008,EAVT-L3-WRONG-DIAGNOSIS-032,3390,increase_furnace_heat,furnaces,dangerous,none,0,0,1,0,0,0,0,0
EAVT-L3-NO-VERIFICATION-033-A001,EAVT-L3-NO-VERIFICATION-033,3270,declare_deviation,feed_system,correct,declare_deviation,1,0,0,0,0,0,0,0
EAVT-L3-NO-VERIFICATION-033-A002,EAVT-L3-NO-VERIFICATION-033,3275,ack_alarm,primary_flow_alarm,correct,none,1,0,0,0,0,0,0,0
EAVT-L3-NO-VERIFICATION-033-A003,EAVT-L3-NO-VERIFICATION-033,3276,compare_flows,FRC-404/405/406,correct,compare_flows,1,0,0,0,0,0,0,1
EAVT-L3-NO-VERIFICATION-033-A004,EAVT-L3-NO-VERIFICATION-033,3282,check_pressure,feed_branches,correct,check_pressure,1,0,0,0,0,0,0,1
EAVT-L3-NO-VERIFICATION-033-A005,EAVT-L3-NO-VERIFICATION-033,3288,check_pump,N-1_group,correct,check_pump,1,0,0,0,0,0,0,1
EAVT-L3-NO-VERIFICATION-033-A006,EAVT-L3-NO-VERIFICATION-033,3294,check_valve,target_branch_FRC,correct,check_valve,1,0,0,0,0,0,0,1
EAVT-L3-NO-VERIFICATION-033-A007,EAVT-L3-NO-VERIFICATION-033,3300,submit_diagnosis:valve_stiction,feed_branch,correct,submit_diagnosis,1,0,0,0,0,0,0,0
EAVT-L3-NO-VERIFICATION-033-A008,EAVT-L3-NO-VERIFICATION-033,3311,restore_flow_control,feed_branch,correct,corrective_action,1,0,0,0,0,0,0,0
EAVT-L3-NO-VERIFICATION-034-A001,EAVT-L3-NO-VERIFICATION-034,3195,declare_deviation,feed_system,correct,declare_deviation,1,0,0,0,0,0,0,0
EAVT-L3-NO-VERIFICATION-034-A002,EAVT-L3-NO-VERIFICATION-034,3200,ack_alarm,primary_flow_alarm,correct,none,1,0,0,0,0,0,0,0
EAVT-L3-NO-VERIFICATION-034-A003,EAVT-L3-NO-VERIFICATION-034,3201,compare_flows,FRC-404/405/406,correct,compare_flows,1,0,0,0,0,0,0,1
EAVT-L3-NO-VERIFICATION-034-A004,EAVT-L3-NO-VERIFICATION-034,3207,check_pressure,feed_branches,correct,check_pressure,1,0,0,0,0,0,0,1
EAVT-L3-NO-VERIFICATION-034-A005,EAVT-L3-NO-VERIFICATION-034,3213,check_pump,N-1_group,correct,check_pump,1,0,0,0,0,0,0,1
EAVT-L3-NO-VERIFICATION-034-A006,EAVT-L3-NO-VERIFICATION-034,3219,check_valve,target_branch_FRC,correct,check_valve,1,0,0,0,0,0,0,1
EAVT-L3-NO-VERIFICATION-034-A007,EAVT-L3-NO-VERIFICATION-034,3225,submit_diagnosis:pump_capacity_loss,feed_branch,correct,submit_diagnosis,1,0,0,0,0,0,0,0
EAVT-L3-NO-VERIFICATION-034-A008,EAVT-L3-NO-VERIFICATION-034,3236,switch_to_standby_pump,feed_branch,correct,corrective_action,1,0,0,0,0,0,0,0
EAVT-L3-NO-VERIFICATION-034-A009,EAVT-L3-NO-VERIFICATION-034,3260,increase_furnace_heat,furnaces,dangerous,none,0,0,1,0,0,0,0,0
EAVT-L3-CHAOTIC-035-A001,EAVT-L3-CHAOTIC-035,3275,declare_deviation,feed_system,correct,declare_deviation,1,0,0,0,0,0,0,0
EAVT-L3-CHAOTIC-035-A002,EAVT-L3-CHAOTIC-035,3280,ack_alarm,primary_flow_alarm,correct,none,1,0,0,0,0,0,0,0
EAVT-L3-CHAOTIC-035-A003,EAVT-L3-CHAOTIC-035,3282,check_pump,N-1_group,correct,check_pump,1,0,0,0,0,0,0,1
EAVT-L3-CHAOTIC-035-A004,EAVT-L3-CHAOTIC-035,3289,compare_flows,FRC-404/405/406,out_of_sequence,compare_flows,0,1,0,0,0,1,0,1
EAVT-L3-CHAOTIC-035-A005,EAVT-L3-CHAOTIC-035,3296,check_valve,target_branch_FRC,correct,check_valve,1,0,0,0,0,0,0,1
EAVT-L3-CHAOTIC-035-A006,EAVT-L3-CHAOTIC-035,3303,check_pressure,feed_branches,out_of_sequence,check_pressure,0,1,0,0,0,1,0,1
EAVT-L3-CHAOTIC-035-A007,EAVT-L3-CHAOTIC-035,3310,submit_diagnosis:valve_stiction,feed_branch,correct,submit_diagnosis,1,0,0,0,0,0,0,0
EAVT-L3-CHAOTIC-035-A008,EAVT-L3-CHAOTIC-035,3322,restore_flow_control,feed_branch,correct,corrective_action,1,0,0,0,0,0,0,0
EAVT-L3-CHAOTIC-035-A010,EAVT-L3-CHAOTIC-035,3330,repeat_previous_command,feed_branch,repeated,none,0,0,0,1,0,0,0,0
EAVT-L3-CHAOTIC-035-A011,EAVT-L3-CHAOTIC-035,3335,switch_pump_request,N-1_group,cancelled,none,0,0,0,0,1,0,0,0
EAVT-L3-CHAOTIC-035-A009,EAVT-L3-CHAOTIC-035,3345,increase_furnace_heat,furnaces,dangerous,none,0,0,1,0,0,0,0,0
EAVT-L3-CHAOTIC-035-A012,EAVT-L3-CHAOTIC-035,3382,verify_flow,feed_branch,correct,verify_flow,1,0,0,0,0,0,1,1
EAVT-L3-CHAOTIC-035-A013,EAVT-L3-CHAOTIC-035,3392,verify_t11,T-1...T-11,correct,verify_downstream,1,0,0,0,0,0,1,1
EAVT-L3-CHAOTIC-035-A014,EAVT-L3-CHAOTIC-035,3402,verify_elou,ELOU,correct,verify_downstream,1,0,0,0,0,0,1,1
EAVT-L3-CHAOTIC-035-A015,EAVT-L3-CHAOTIC-035,3412,verify_e15,E-15,correct,verify_downstream,1,0,0,0,0,0,1,1
EAVT-L3-CHAOTIC-035-A016,EAVT-L3-CHAOTIC-035,3422,verify_k1,K-1,correct,verify_downstream,1,0,0,0,0,0,1,1
EAVT-L3-CHAOTIC-035-A017,EAVT-L3-CHAOTIC-035,3432,verify_furnaces,P-1/P-2/P-3,correct,verify_downstream,1,0,0,0,0,0,1,1
EAVT-L3-CHAOTIC-035-A018,EAVT-L3-CHAOTIC-035,3442,verify_k2,K-2,correct,verify_downstream,1,0,0,0,0,0,1,1
EAVT-L3-CHAOTIC-035-A019,EAVT-L3-CHAOTIC-035,3452,verify_products,product_lines,correct,verify_downstream,1,0,0,0,0,0,1,1
EAVT-L3-CHAOTIC-036-A001,EAVT-L3-CHAOTIC-036,3315,declare_deviation,feed_system,correct,declare_deviation,1,0,0,0,0,0,0,0
EAVT-L3-CHAOTIC-036-A002,EAVT-L3-CHAOTIC-036,3320,ack_alarm,primary_flow_alarm,correct,none,1,0,0,0,0,0,0,0
EAVT-L3-CHAOTIC-036-A003,EAVT-L3-CHAOTIC-036,3322,check_pump,N-1_group,correct,check_pump,1,0,0,0,0,0,0,1
EAVT-L3-CHAOTIC-036-A004,EAVT-L3-CHAOTIC-036,3329,compare_flows,FRC-404/405/406,out_of_sequence,compare_flows,0,1,0,0,0,1,0,1
EAVT-L3-CHAOTIC-036-A005,EAVT-L3-CHAOTIC-036,3336,check_valve,target_branch_FRC,correct,check_valve,1,0,0,0,0,0,0,1
EAVT-L3-CHAOTIC-036-A006,EAVT-L3-CHAOTIC-036,3343,check_pressure,feed_branches,out_of_sequence,check_pressure,0,1,0,0,0,1,0,1
EAVT-L3-CHAOTIC-036-A007,EAVT-L3-CHAOTIC-036,3350,submit_diagnosis:pump_capacity_loss,feed_branch,correct,submit_diagnosis,1,0,0,0,0,0,0,0
EAVT-L3-CHAOTIC-036-A008,EAVT-L3-CHAOTIC-036,3362,switch_to_standby_pump,feed_branch,correct,corrective_action,1,0,0,0,0,0,0,0
EAVT-L3-CHAOTIC-036-A010,EAVT-L3-CHAOTIC-036,3370,repeat_previous_command,feed_branch,repeated,none,0,0,0,1,0,0,0,0
EAVT-L3-CHAOTIC-036-A011,EAVT-L3-CHAOTIC-036,3375,switch_pump_request,N-1_group,cancelled,none,0,0,0,0,1,0,0,0
EAVT-L3-CHAOTIC-036-A009,EAVT-L3-CHAOTIC-036,3385,increase_furnace_heat,furnaces,dangerous,none,0,0,1,0,0,0,0,0
